<?xml version="1.0" encoding="UTF-8"?>
<project-private xmlns="http://www.netbeans.org/ns/project-private/1">
    <editor-bookmarks xmlns="http://www.netbeans.org/ns/editor-bookmarks/2" lastBookmarkId="0"/>
    <open-files xmlns="http://www.netbeans.org/ns/projectui-open-files/2">
        <group>
            <file>file:/D:/UNIVERSIDAD/CURSO%202022-23/Programación%20III/Javalab-Classes/galeriaDeArte/src/view/Vista.java</file>
            <file>file:/D:/UNIVERSIDAD/CURSO%202022-23/Programación%20III/Javalab-Classes/galeriaDeArte/src/main/GaleriaDeArte.java</file>
            <file>file:/D:/UNIVERSIDAD/CURSO%202022-23/Programación%20III/Javalab-Classes/galeriaDeArte/src/data/Modelo.java</file>
            <file>file:/D:/UNIVERSIDAD/CURSO%202022-23/Programación%20III/Javalab-Classes/galeriaDeArte/src/controller/Controlador.java</file>
            <file>file:/D:/UNIVERSIDAD/CURSO%202022-23/Programación%20III/Javalab-Classes/galeriaDeArte/src/data/Figura.java</file>
        </group>
    </open-files>
</project-private>
